SourceFile,SourceFileSha1,Reason
C:\Windows\System32\winevt\logs\Microsoft-AppV-Client%4Operational.evtx,C70BFFF0A559AF8CB76AD80A504DD55BD6CC484D,Deduped
C:\Windows\System32\winevt\logs\Microsoft-AppV-Client%4Virtual Applications.evtx,C70BFFF0A559AF8CB76AD80A504DD55BD6CC484D,Deduped
C:\Windows\System32\winevt\logs\Microsoft-Rdms-UI%4Admin.evtx,C70BFFF0A559AF8CB76AD80A504DD55BD6CC484D,Deduped
C:\Windows\System32\winevt\logs\Microsoft-Rdms-UI%4Operational.evtx,C70BFFF0A559AF8CB76AD80A504DD55BD6CC484D,Deduped
C:\Windows\System32\winevt\logs\Microsoft-ServerCore-ShellLauncher%4Admin.evtx,C70BFFF0A559AF8CB76AD80A504DD55BD6CC484D,Deduped
C:\Windows\System32\winevt\logs\Microsoft-System-Diagnostics-DiagnosticInvoker%4Operational.evtx,C70BFFF0A559AF8CB76AD80A504DD55BD6CC484D,Deduped
C:\Windows\System32\winevt\logs\Microsoft-User Experience Virtualization-Agent Driver%4Operational.evtx,C70BFFF0A559AF8CB76AD80A504DD55BD6CC484D,Deduped
C:\Windows\System32\winevt\logs\Microsoft-User Experience Virtualization-App Agent%4Operational.evtx,C70BFFF0A559AF8CB76AD80A504DD55BD6CC484D,Deduped
C:\Windows\System32\winevt\logs\Microsoft-User Experience Virtualization-IPC%4Operational.evtx,C70BFFF0A559AF8CB76AD80A504DD55BD6CC484D,Deduped
C:\Windows\System32\winevt\logs\Microsoft-User Experience Virtualization-SQM Uploader%4Operational.evtx,C70BFFF0A559AF8CB76AD80A504DD55BD6CC484D,Deduped
C:\Windows\System32\winevt\logs\Microsoft-Windows-All-User-Install-Agent%4Admin.evtx,C70BFFF0A559AF8CB76AD80A504DD55BD6CC484D,Deduped
C:\Windows\System32\winevt\logs\Microsoft-Windows-AllJoyn%4Operational.evtx,C70BFFF0A559AF8CB76AD80A504DD55BD6CC484D,Deduped
C:\Windows\System32\winevt\logs\Microsoft-Windows-AppHost%4Admin.evtx,C70BFFF0A559AF8CB76AD80A504DD55BD6CC484D,Deduped
C:\Windows\System32\winevt\logs\Microsoft-Windows-AppID%4Operational.evtx,C70BFFF0A559AF8CB76AD80A504DD55BD6CC484D,Deduped
C:\Windows\System32\winevt\logs\Microsoft-Windows-ApplicabilityEngine%4Operational.evtx,C70BFFF0A559AF8CB76AD80A504DD55BD6CC484D,Deduped
C:\Windows\System32\winevt\logs\Microsoft-Windows-Application Server-Applications%4Admin.evtx,C70BFFF0A559AF8CB76AD80A504DD55BD6CC484D,Deduped
C:\Windows\System32\winevt\logs\Microsoft-Windows-Application Server-Applications%4Operational.evtx,C70BFFF0A559AF8CB76AD80A504DD55BD6CC484D,Deduped
C:\Windows\System32\winevt\logs\Microsoft-Windows-Application-Experience%4Program-Compatibility-Troubleshooter.evtx,C70BFFF0A559AF8CB76AD80A504DD55BD6CC484D,Deduped
C:\Windows\System32\winevt\logs\Microsoft-Windows-Application-Experience%4Program-Inventory.evtx,C70BFFF0A559AF8CB76AD80A504DD55BD6CC484D,Deduped
C:\Windows\System32\winevt\logs\Microsoft-Windows-Application-Experience%4Steps-Recorder.evtx,C70BFFF0A559AF8CB76AD80A504DD55BD6CC484D,Deduped
C:\Windows\System32\winevt\logs\Microsoft-Windows-AppLocker%4EXE and DLL.evtx,C70BFFF0A559AF8CB76AD80A504DD55BD6CC484D,Deduped
C:\Windows\System32\winevt\logs\Microsoft-Windows-AppLocker%4MSI and Script.evtx,C70BFFF0A559AF8CB76AD80A504DD55BD6CC484D,Deduped
C:\Windows\System32\winevt\logs\Microsoft-Windows-AppLocker%4Packaged app-Deployment.evtx,C70BFFF0A559AF8CB76AD80A504DD55BD6CC484D,Deduped
C:\Windows\System32\winevt\logs\Microsoft-Windows-AppLocker%4Packaged app-Execution.evtx,C70BFFF0A559AF8CB76AD80A504DD55BD6CC484D,Deduped
C:\Windows\System32\winevt\logs\Microsoft-Windows-Audio%4CaptureMonitor.evtx,C70BFFF0A559AF8CB76AD80A504DD55BD6CC484D,Deduped
C:\Windows\System32\winevt\logs\Microsoft-Windows-Audio%4Operational.evtx,C70BFFF0A559AF8CB76AD80A504DD55BD6CC484D,Deduped
C:\Windows\System32\winevt\logs\Microsoft-Windows-Audio%4PlaybackManager.evtx,C70BFFF0A559AF8CB76AD80A504DD55BD6CC484D,Deduped
C:\Windows\System32\winevt\logs\Microsoft-Windows-Authentication User Interface%4Operational.evtx,C70BFFF0A559AF8CB76AD80A504DD55BD6CC484D,Deduped
C:\Windows\System32\winevt\logs\Microsoft-Windows-BackgroundTaskInfrastructure%4Operational.evtx,C70BFFF0A559AF8CB76AD80A504DD55BD6CC484D,Deduped
C:\Windows\System32\winevt\logs\Microsoft-Windows-Backup.evtx,C70BFFF0A559AF8CB76AD80A504DD55BD6CC484D,Deduped
C:\Windows\System32\winevt\logs\Microsoft-Windows-BestPractices%4Operational.evtx,C70BFFF0A559AF8CB76AD80A504DD55BD6CC484D,Deduped
C:\Windows\System32\winevt\logs\Microsoft-Windows-Bluetooth-BthLEPrepairing%4Operational.evtx,C70BFFF0A559AF8CB76AD80A504DD55BD6CC484D,Deduped
C:\Windows\System32\winevt\logs\Microsoft-Windows-Bluetooth-MTPEnum%4Operational.evtx,C70BFFF0A559AF8CB76AD80A504DD55BD6CC484D,Deduped
C:\Windows\System32\winevt\logs\Microsoft-Windows-BranchCacheSMB%4Operational.evtx,C70BFFF0A559AF8CB76AD80A504DD55BD6CC484D,Deduped
C:\Windows\System32\winevt\logs\Microsoft-Windows-CertificateServices-Deployment%4Operational.evtx,C70BFFF0A559AF8CB76AD80A504DD55BD6CC484D,Deduped
C:\Windows\System32\winevt\logs\Microsoft-Windows-CertificateServicesClient-Lifecycle-System%4Operational.evtx,C70BFFF0A559AF8CB76AD80A504DD55BD6CC484D,Deduped
C:\Windows\System32\winevt\logs\Microsoft-Windows-CertificateServicesClient-Lifecycle-User%4Operational.evtx,C70BFFF0A559AF8CB76AD80A504DD55BD6CC484D,Deduped
C:\Windows\System32\winevt\logs\Microsoft-Windows-Cleanmgr%4Diagnostic.evtx,C70BFFF0A559AF8CB76AD80A504DD55BD6CC484D,Deduped
C:\Windows\System32\winevt\logs\Microsoft-Windows-Compat-Appraiser%4Operational.evtx,C70BFFF0A559AF8CB76AD80A504DD55BD6CC484D,Deduped
C:\Windows\System32\winevt\logs\Microsoft-Windows-CoreApplication%4Operational.evtx,C70BFFF0A559AF8CB76AD80A504DD55BD6CC484D,Deduped
C:\Windows\System32\winevt\logs\Microsoft-Windows-CorruptedFileRecovery-Client%4Operational.evtx,C70BFFF0A559AF8CB76AD80A504DD55BD6CC484D,Deduped
C:\Windows\System32\winevt\logs\Microsoft-Windows-CorruptedFileRecovery-Server%4Operational.evtx,C70BFFF0A559AF8CB76AD80A504DD55BD6CC484D,Deduped
C:\Windows\System32\winevt\logs\Microsoft-Windows-DAL-Provider%4Operational.evtx,C70BFFF0A559AF8CB76AD80A504DD55BD6CC484D,Deduped
C:\Windows\System32\winevt\logs\Microsoft-Windows-DateTimeControlPanel%4Operational.evtx,C70BFFF0A559AF8CB76AD80A504DD55BD6CC484D,Deduped
C:\Windows\System32\winevt\logs\Microsoft-Windows-DeviceGuard%4Operational.evtx,C70BFFF0A559AF8CB76AD80A504DD55BD6CC484D,Deduped
C:\Windows\System32\winevt\logs\Microsoft-Windows-Devices-Background%4Operational.evtx,C70BFFF0A559AF8CB76AD80A504DD55BD6CC484D,Deduped
C:\Windows\System32\winevt\logs\Microsoft-Windows-DeviceSync%4Operational.evtx,C70BFFF0A559AF8CB76AD80A504DD55BD6CC484D,Deduped
C:\Windows\System32\winevt\logs\Microsoft-Windows-DeviceUpdateAgent%4Operational.evtx,C70BFFF0A559AF8CB76AD80A504DD55BD6CC484D,Deduped
C:\Windows\System32\winevt\logs\Microsoft-Windows-Diagnosis-PCW%4Operational.evtx,C70BFFF0A559AF8CB76AD80A504DD55BD6CC484D,Deduped
C:\Windows\System32\winevt\logs\Microsoft-Windows-Diagnosis-PLA%4Operational.evtx,C70BFFF0A559AF8CB76AD80A504DD55BD6CC484D,Deduped
C:\Windows\System32\winevt\logs\Microsoft-Windows-Diagnosis-Scripted%4Admin.evtx,C70BFFF0A559AF8CB76AD80A504DD55BD6CC484D,Deduped
C:\Windows\System32\winevt\logs\Microsoft-Windows-Diagnosis-Scripted%4Operational.evtx,C70BFFF0A559AF8CB76AD80A504DD55BD6CC484D,Deduped
C:\Windows\System32\winevt\logs\Microsoft-Windows-Diagnosis-ScriptedDiagnosticsProvider%4Operational.evtx,C70BFFF0A559AF8CB76AD80A504DD55BD6CC484D,Deduped
C:\Windows\System32\winevt\logs\Microsoft-Windows-Diagnostics-Networking%4Operational.evtx,C70BFFF0A559AF8CB76AD80A504DD55BD6CC484D,Deduped
C:\Windows\System32\winevt\logs\Microsoft-Windows-DirectoryServices-Deployment%4Operational.evtx,C70BFFF0A559AF8CB76AD80A504DD55BD6CC484D,Deduped
C:\Windows\System32\winevt\logs\Microsoft-Windows-DiskDiagnostic%4Operational.evtx,C70BFFF0A559AF8CB76AD80A504DD55BD6CC484D,Deduped
C:\Windows\System32\winevt\logs\Microsoft-Windows-DiskDiagnosticDataCollector%4Operational.evtx,C70BFFF0A559AF8CB76AD80A504DD55BD6CC484D,Deduped
C:\Windows\System32\winevt\logs\Microsoft-Windows-DiskDiagnosticResolver%4Operational.evtx,C70BFFF0A559AF8CB76AD80A504DD55BD6CC484D,Deduped
C:\Windows\System32\winevt\logs\Microsoft-Windows-DSC%4Admin.evtx,C70BFFF0A559AF8CB76AD80A504DD55BD6CC484D,Deduped
C:\Windows\System32\winevt\logs\Microsoft-Windows-DSC%4Operational.evtx,C70BFFF0A559AF8CB76AD80A504DD55BD6CC484D,Deduped
C:\Windows\System32\winevt\logs\Microsoft-Windows-DxgKrnl-Admin.evtx,C70BFFF0A559AF8CB76AD80A504DD55BD6CC484D,Deduped
C:\Windows\System32\winevt\logs\Microsoft-Windows-DxgKrnl-Operational.evtx,C70BFFF0A559AF8CB76AD80A504DD55BD6CC484D,Deduped
C:\Windows\System32\winevt\logs\Microsoft-Windows-EapHost%4Operational.evtx,C70BFFF0A559AF8CB76AD80A504DD55BD6CC484D,Deduped
C:\Windows\System32\winevt\logs\Microsoft-Windows-EapMethods-RasChap%4Operational.evtx,C70BFFF0A559AF8CB76AD80A504DD55BD6CC484D,Deduped
C:\Windows\System32\winevt\logs\Microsoft-Windows-EapMethods-RasTls%4Operational.evtx,C70BFFF0A559AF8CB76AD80A504DD55BD6CC484D,Deduped
C:\Windows\System32\winevt\logs\Microsoft-Windows-EapMethods-Sim%4Operational.evtx,C70BFFF0A559AF8CB76AD80A504DD55BD6CC484D,Deduped
C:\Windows\System32\winevt\logs\Microsoft-Windows-EapMethods-Ttls%4Operational.evtx,C70BFFF0A559AF8CB76AD80A504DD55BD6CC484D,Deduped
C:\Windows\System32\winevt\logs\Microsoft-Windows-EDP-Application-Learning%4Admin.evtx,C70BFFF0A559AF8CB76AD80A504DD55BD6CC484D,Deduped
C:\Windows\System32\winevt\logs\Microsoft-Windows-EDP-Audit-Regular%4Admin.evtx,C70BFFF0A559AF8CB76AD80A504DD55BD6CC484D,Deduped
C:\Windows\System32\winevt\logs\Microsoft-Windows-EDP-Audit-TCB%4Admin.evtx,C70BFFF0A559AF8CB76AD80A504DD55BD6CC484D,Deduped
C:\Windows\System32\winevt\logs\Microsoft-Windows-EnhancedStorage-EhStorClass%4Operational.evtx,C70BFFF0A559AF8CB76AD80A504DD55BD6CC484D,Deduped
C:\Windows\System32\winevt\logs\Microsoft-Windows-EnrollmentPolicyWebService%4Admin.evtx,C70BFFF0A559AF8CB76AD80A504DD55BD6CC484D,Deduped
C:\Windows\System32\winevt\logs\Microsoft-Windows-EnrollmentWebService%4Admin.evtx,C70BFFF0A559AF8CB76AD80A504DD55BD6CC484D,Deduped
C:\Windows\System32\winevt\logs\Microsoft-Windows-EventCollector%4Operational.evtx,C70BFFF0A559AF8CB76AD80A504DD55BD6CC484D,Deduped
C:\Windows\System32\winevt\logs\Microsoft-Windows-Fault-Tolerant-Heap%4Operational.evtx,C70BFFF0A559AF8CB76AD80A504DD55BD6CC484D,Deduped
C:\Windows\System32\winevt\logs\Microsoft-Windows-FeatureConfiguration%4Operational.evtx,C70BFFF0A559AF8CB76AD80A504DD55BD6CC484D,Deduped
C:\Windows\System32\winevt\logs\Microsoft-Windows-FederationServices-Deployment%4Operational.evtx,C70BFFF0A559AF8CB76AD80A504DD55BD6CC484D,Deduped
C:\Windows\System32\winevt\logs\Microsoft-Windows-FileServices-ServerManager-EventProvider%4Admin.evtx,C70BFFF0A559AF8CB76AD80A504DD55BD6CC484D,Deduped
C:\Windows\System32\winevt\logs\Microsoft-Windows-FileServices-ServerManager-EventProvider%4Operational.evtx,C70BFFF0A559AF8CB76AD80A504DD55BD6CC484D,Deduped
C:\Windows\System32\winevt\logs\Microsoft-Windows-FileShareShadowCopyProvider%4Operational.evtx,C70BFFF0A559AF8CB76AD80A504DD55BD6CC484D,Deduped
C:\Windows\System32\winevt\logs\Microsoft-Windows-FMS%4Operational.evtx,C70BFFF0A559AF8CB76AD80A504DD55BD6CC484D,Deduped
C:\Windows\System32\winevt\logs\Microsoft-Windows-Folder Redirection%4Operational.evtx,C70BFFF0A559AF8CB76AD80A504DD55BD6CC484D,Deduped
C:\Windows\System32\winevt\logs\Microsoft-Windows-Forwarding%4Operational.evtx,C70BFFF0A559AF8CB76AD80A504DD55BD6CC484D,Deduped
C:\Windows\System32\winevt\logs\Microsoft-Windows-GenericRoaming%4Admin.evtx,C70BFFF0A559AF8CB76AD80A504DD55BD6CC484D,Deduped
C:\Windows\System32\winevt\logs\Microsoft-Windows-Help%4Operational.evtx,C70BFFF0A559AF8CB76AD80A504DD55BD6CC484D,Deduped
C:\Windows\System32\winevt\logs\Microsoft-Windows-HomeGroup Control Panel%4Operational.evtx,C70BFFF0A559AF8CB76AD80A504DD55BD6CC484D,Deduped
C:\Windows\System32\winevt\logs\Microsoft-Windows-Hyper-V-Guest-Drivers%4Admin.evtx,C70BFFF0A559AF8CB76AD80A504DD55BD6CC484D,Deduped
C:\Windows\System32\winevt\logs\Microsoft-Windows-Hyper-V-Hypervisor-Admin.evtx,C70BFFF0A559AF8CB76AD80A504DD55BD6CC484D,Deduped
C:\Windows\System32\winevt\logs\Microsoft-Windows-Hyper-V-Hypervisor-Operational.evtx,C70BFFF0A559AF8CB76AD80A504DD55BD6CC484D,Deduped
C:\Windows\System32\winevt\logs\Microsoft-Windows-IdCtrls%4Operational.evtx,C70BFFF0A559AF8CB76AD80A504DD55BD6CC484D,Deduped
C:\Windows\System32\winevt\logs\Microsoft-Windows-IKE%4Operational.evtx,C70BFFF0A559AF8CB76AD80A504DD55BD6CC484D,Deduped
C:\Windows\System32\winevt\logs\Microsoft-Windows-International-RegionalOptionsControlPanel%4Operational.evtx,C70BFFF0A559AF8CB76AD80A504DD55BD6CC484D,Deduped
C:\Windows\System32\winevt\logs\Microsoft-Windows-Iphlpsvc%4Operational.evtx,C70BFFF0A559AF8CB76AD80A504DD55BD6CC484D,Deduped
C:\Windows\System32\winevt\logs\Microsoft-Windows-KdsSvc%4Operational.evtx,C70BFFF0A559AF8CB76AD80A504DD55BD6CC484D,Deduped
C:\Windows\System32\winevt\logs\Microsoft-Windows-Kernel-ApphelpCache%4Operational.evtx,C70BFFF0A559AF8CB76AD80A504DD55BD6CC484D,Deduped
C:\Windows\System32\winevt\logs\Microsoft-Windows-Kernel-CPU-Starvation%4Operational.evtx,C70BFFF0A559AF8CB76AD80A504DD55BD6CC484D,Deduped
C:\Windows\System32\winevt\logs\Microsoft-Windows-Kernel-Dump%4Operational.evtx,C70BFFF0A559AF8CB76AD80A504DD55BD6CC484D,Deduped
C:\Windows\System32\winevt\logs\Microsoft-Windows-Kernel-EventTracing%4Admin.evtx,C70BFFF0A559AF8CB76AD80A504DD55BD6CC484D,Deduped
C:\Windows\System32\winevt\logs\Microsoft-Windows-Kernel-LiveDump%4Operational.evtx,C70BFFF0A559AF8CB76AD80A504DD55BD6CC484D,Deduped
C:\Windows\System32\winevt\logs\Microsoft-Windows-Kernel-WDI%4Operational.evtx,C70BFFF0A559AF8CB76AD80A504DD55BD6CC484D,Deduped
C:\Windows\System32\winevt\logs\Microsoft-Windows-ManagementTools-RegistryProvider%4Operational.evtx,C70BFFF0A559AF8CB76AD80A504DD55BD6CC484D,Deduped
C:\Windows\System32\winevt\logs\Microsoft-Windows-ManagementTools-TaskManagerProvider%4Operational.evtx,C70BFFF0A559AF8CB76AD80A504DD55BD6CC484D,Deduped
C:\Windows\System32\winevt\logs\Microsoft-Windows-MemoryDiagnostics-Results%4Debug.evtx,C70BFFF0A559AF8CB76AD80A504DD55BD6CC484D,Deduped
C:\Windows\System32\winevt\logs\Microsoft-Windows-MiStreamProvider%4Operational.evtx,C70BFFF0A559AF8CB76AD80A504DD55BD6CC484D,Deduped
C:\Windows\System32\winevt\logs\Microsoft-Windows-Mprddm%4Operational.evtx,C70BFFF0A559AF8CB76AD80A504DD55BD6CC484D,Deduped
C:\Windows\System32\winevt\logs\Microsoft-Windows-MsLbfoProvider%4Operational.evtx,C70BFFF0A559AF8CB76AD80A504DD55BD6CC484D,Deduped
C:\Windows\System32\winevt\logs\Microsoft-Windows-MUI%4Admin.evtx,C70BFFF0A559AF8CB76AD80A504DD55BD6CC484D,Deduped
C:\Windows\System32\winevt\logs\Microsoft-Windows-NdisImPlatform%4Operational.evtx,C70BFFF0A559AF8CB76AD80A504DD55BD6CC484D,Deduped
C:\Windows\System32\winevt\logs\Microsoft-Windows-NetworkLocationWizard%4Operational.evtx,C70BFFF0A559AF8CB76AD80A504DD55BD6CC484D,Deduped
C:\Windows\System32\winevt\logs\Microsoft-Windows-NetworkProvider%4Operational.evtx,C70BFFF0A559AF8CB76AD80A504DD55BD6CC484D,Deduped
C:\Windows\System32\winevt\logs\Microsoft-Windows-NlaSvc%4Operational.evtx,C70BFFF0A559AF8CB76AD80A504DD55BD6CC484D,Deduped
C:\Windows\System32\winevt\logs\Microsoft-Windows-NTLM%4Operational.evtx,C70BFFF0A559AF8CB76AD80A504DD55BD6CC484D,Deduped
C:\Windows\System32\winevt\logs\Microsoft-Windows-OfflineFiles%4Operational.evtx,C70BFFF0A559AF8CB76AD80A504DD55BD6CC484D,Deduped
C:\Windows\System32\winevt\logs\Microsoft-Windows-OOBE-Machine-DUI%4Operational.evtx,C70BFFF0A559AF8CB76AD80A504DD55BD6CC484D,Deduped
C:\Windows\System32\winevt\logs\Microsoft-Windows-PerceptionRuntime%4Operational.evtx,C70BFFF0A559AF8CB76AD80A504DD55BD6CC484D,Deduped
C:\Windows\System32\winevt\logs\Microsoft-Windows-PerceptionSensorDataService%4Operational.evtx,C70BFFF0A559AF8CB76AD80A504DD55BD6CC484D,Deduped
C:\Windows\System32\winevt\logs\Microsoft-Windows-PersistentMemory-Nvdimm%4Operational.evtx,C70BFFF0A559AF8CB76AD80A504DD55BD6CC484D,Deduped
C:\Windows\System32\winevt\logs\Microsoft-Windows-PersistentMemory-PmemDisk%4Operational.evtx,C70BFFF0A559AF8CB76AD80A504DD55BD6CC484D,Deduped
C:\Windows\System32\winevt\logs\Microsoft-Windows-PersistentMemory-ScmBus%4Certification.evtx,C70BFFF0A559AF8CB76AD80A504DD55BD6CC484D,Deduped
C:\Windows\System32\winevt\logs\Microsoft-Windows-PersistentMemory-ScmBus%4Operational.evtx,C70BFFF0A559AF8CB76AD80A504DD55BD6CC484D,Deduped
C:\Windows\System32\winevt\logs\Microsoft-Windows-Policy%4Operational.evtx,C70BFFF0A559AF8CB76AD80A504DD55BD6CC484D,Deduped
C:\Windows\System32\winevt\logs\Microsoft-Windows-PowerShell-DesiredStateConfiguration-FileDownloadManager%4Operational.evtx,C70BFFF0A559AF8CB76AD80A504DD55BD6CC484D,Deduped
C:\Windows\System32\winevt\logs\Microsoft-Windows-PrintBRM%4Admin.evtx,C70BFFF0A559AF8CB76AD80A504DD55BD6CC484D,Deduped
C:\Windows\System32\winevt\logs\Microsoft-Windows-ReadyBoost%4Operational.evtx,C70BFFF0A559AF8CB76AD80A504DD55BD6CC484D,Deduped
C:\Windows\System32\winevt\logs\Microsoft-Windows-ReFS%4Operational.evtx,C70BFFF0A559AF8CB76AD80A504DD55BD6CC484D,Deduped
C:\Windows\System32\winevt\logs\Microsoft-Windows-Regsvr32%4Operational.evtx,C70BFFF0A559AF8CB76AD80A504DD55BD6CC484D,Deduped
C:\Windows\System32\winevt\logs\Microsoft-Windows-RemoteApp and Desktop Connections%4Admin.evtx,C70BFFF0A559AF8CB76AD80A504DD55BD6CC484D,Deduped
C:\Windows\System32\winevt\logs\Microsoft-Windows-RemoteApp and Desktop Connections%4Operational.evtx,C70BFFF0A559AF8CB76AD80A504DD55BD6CC484D,Deduped
C:\Windows\System32\winevt\logs\Microsoft-Windows-RemoteDesktopServices-SessionServices%4Operational.evtx,C70BFFF0A559AF8CB76AD80A504DD55BD6CC484D,Deduped
C:\Windows\System32\winevt\logs\Microsoft-Windows-Resource-Exhaustion-Resolver%4Operational.evtx,C70BFFF0A559AF8CB76AD80A504DD55BD6CC484D,Deduped
C:\Windows\System32\winevt\logs\Microsoft-Windows-RestartManager%4Operational.evtx,C70BFFF0A559AF8CB76AD80A504DD55BD6CC484D,Deduped
C:\Windows\System32\winevt\logs\Microsoft-Windows-SearchUI%4Operational.evtx,C70BFFF0A559AF8CB76AD80A504DD55BD6CC484D,Deduped
C:\Windows\System32\winevt\logs\Microsoft-Windows-Security-Adminless%4Operational.evtx,C70BFFF0A559AF8CB76AD80A504DD55BD6CC484D,Deduped
C:\Windows\System32\winevt\logs\Microsoft-Windows-Security-Audit-Configuration-Client%4Operational.evtx,C70BFFF0A559AF8CB76AD80A504DD55BD6CC484D,Deduped
C:\Windows\System32\winevt\logs\Microsoft-Windows-Security-EnterpriseData-FileRevocationManager%4Operational.evtx,C70BFFF0A559AF8CB76AD80A504DD55BD6CC484D,Deduped
C:\Windows\System32\winevt\logs\Microsoft-Windows-Security-Mitigations%4UserMode.evtx,C70BFFF0A559AF8CB76AD80A504DD55BD6CC484D,Deduped
C:\Windows\System32\winevt\logs\Microsoft-Windows-Security-Netlogon%4Operational.evtx,C70BFFF0A559AF8CB76AD80A504DD55BD6CC484D,Deduped
C:\Windows\System32\winevt\logs\Microsoft-Windows-Security-SPP-UX-GenuineCenter-Logging%4Operational.evtx,C70BFFF0A559AF8CB76AD80A504DD55BD6CC484D,Deduped
C:\Windows\System32\winevt\logs\Microsoft-Windows-Security-UserConsentVerifier%4Audit.evtx,C70BFFF0A559AF8CB76AD80A504DD55BD6CC484D,Deduped
C:\Windows\System32\winevt\logs\Microsoft-Windows-SecurityMitigationsBroker%4Operational.evtx,C70BFFF0A559AF8CB76AD80A504DD55BD6CC484D,Deduped
C:\Windows\System32\winevt\logs\Microsoft-Windows-SENSE%4Operational.evtx,C70BFFF0A559AF8CB76AD80A504DD55BD6CC484D,Deduped
C:\Windows\System32\winevt\logs\Microsoft-Windows-SenseIR%4Operational.evtx,C70BFFF0A559AF8CB76AD80A504DD55BD6CC484D,Deduped
C:\Windows\System32\winevt\logs\Microsoft-Windows-ServerManager-ConfigureSMRemoting%4Operational.evtx,C70BFFF0A559AF8CB76AD80A504DD55BD6CC484D,Deduped
C:\Windows\System32\winevt\logs\Microsoft-Windows-ServerManager-MgmtProvider%4Operational.evtx,C70BFFF0A559AF8CB76AD80A504DD55BD6CC484D,Deduped
C:\Windows\System32\winevt\logs\Microsoft-Windows-ServerManager-MultiMachine%4Admin.evtx,C70BFFF0A559AF8CB76AD80A504DD55BD6CC484D,Deduped
C:\Windows\System32\winevt\logs\Microsoft-Windows-SilProvider%4Operational.evtx,C70BFFF0A559AF8CB76AD80A504DD55BD6CC484D,Deduped
C:\Windows\System32\winevt\logs\Microsoft-Windows-SmartCard-Audit%4Authentication.evtx,C70BFFF0A559AF8CB76AD80A504DD55BD6CC484D,Deduped
C:\Windows\System32\winevt\logs\Microsoft-Windows-SmartCard-DeviceEnum%4Operational.evtx,C70BFFF0A559AF8CB76AD80A504DD55BD6CC484D,Deduped
C:\Windows\System32\winevt\logs\Microsoft-Windows-SmartCard-TPM-VCard-Module%4Admin.evtx,C70BFFF0A559AF8CB76AD80A504DD55BD6CC484D,Deduped
C:\Windows\System32\winevt\logs\Microsoft-Windows-SmartCard-TPM-VCard-Module%4Operational.evtx,C70BFFF0A559AF8CB76AD80A504DD55BD6CC484D,Deduped
C:\Windows\System32\winevt\logs\Microsoft-Windows-SMBDirect%4Admin.evtx,C70BFFF0A559AF8CB76AD80A504DD55BD6CC484D,Deduped
C:\Windows\System32\winevt\logs\Microsoft-Windows-SMBWitnessClient%4Admin.evtx,C70BFFF0A559AF8CB76AD80A504DD55BD6CC484D,Deduped
C:\Windows\System32\winevt\logs\Microsoft-Windows-SMBWitnessClient%4Informational.evtx,C70BFFF0A559AF8CB76AD80A504DD55BD6CC484D,Deduped
C:\Windows\System32\winevt\logs\Microsoft-Windows-Storage-Tiering%4Admin.evtx,C70BFFF0A559AF8CB76AD80A504DD55BD6CC484D,Deduped
C:\Windows\System32\winevt\logs\Microsoft-Windows-StorageManagement%4Operational.evtx,C70BFFF0A559AF8CB76AD80A504DD55BD6CC484D,Deduped
C:\Windows\System32\winevt\logs\Microsoft-Windows-StorageManagement-PartUtil%4Operational.evtx,C70BFFF0A559AF8CB76AD80A504DD55BD6CC484D,Deduped
C:\Windows\System32\winevt\logs\Microsoft-Windows-StorageSettings%4Diagnostic.evtx,C70BFFF0A559AF8CB76AD80A504DD55BD6CC484D,Deduped
C:\Windows\System32\winevt\logs\Microsoft-Windows-StorageSpaces-Api%4Operational.evtx,C70BFFF0A559AF8CB76AD80A504DD55BD6CC484D,Deduped
C:\Windows\System32\winevt\logs\Microsoft-Windows-StorageSpaces-Parser%4Diagnostic.evtx,C70BFFF0A559AF8CB76AD80A504DD55BD6CC484D,Deduped
C:\Windows\System32\winevt\logs\Microsoft-Windows-StorageSpaces-Parser%4Operational.evtx,C70BFFF0A559AF8CB76AD80A504DD55BD6CC484D,Deduped
C:\Windows\System32\winevt\logs\Microsoft-Windows-StorageSpaces-SpaceManager%4Diagnostic.evtx,C70BFFF0A559AF8CB76AD80A504DD55BD6CC484D,Deduped
C:\Windows\System32\winevt\logs\Microsoft-Windows-StorageSpaces-SpaceManager%4Operational.evtx,C70BFFF0A559AF8CB76AD80A504DD55BD6CC484D,Deduped
C:\Windows\System32\winevt\logs\Microsoft-Windows-Storsvc%4Diagnostic.evtx,C70BFFF0A559AF8CB76AD80A504DD55BD6CC484D,Deduped
C:\Windows\System32\winevt\logs\Microsoft-Windows-SystemSettingsThreshold%4Operational.evtx,C70BFFF0A559AF8CB76AD80A504DD55BD6CC484D,Deduped
C:\Windows\System32\winevt\logs\Microsoft-Windows-TCPIP%4Operational.evtx,C70BFFF0A559AF8CB76AD80A504DD55BD6CC484D,Deduped
C:\Windows\System32\winevt\logs\Microsoft-Windows-TerminalServices-ClientUSBDevices%4Admin.evtx,C70BFFF0A559AF8CB76AD80A504DD55BD6CC484D,Deduped
C:\Windows\System32\winevt\logs\Microsoft-Windows-TerminalServices-ClientUSBDevices%4Operational.evtx,C70BFFF0A559AF8CB76AD80A504DD55BD6CC484D,Deduped
C:\Windows\System32\winevt\logs\Microsoft-Windows-TerminalServices-PnPDevices%4Admin.evtx,C70BFFF0A559AF8CB76AD80A504DD55BD6CC484D,Deduped
C:\Windows\System32\winevt\logs\Microsoft-Windows-TerminalServices-PnPDevices%4Operational.evtx,C70BFFF0A559AF8CB76AD80A504DD55BD6CC484D,Deduped
C:\Windows\System32\winevt\logs\Microsoft-Windows-TerminalServices-RDPClient%4Operational.evtx,C70BFFF0A559AF8CB76AD80A504DD55BD6CC484D,Deduped
C:\Windows\System32\winevt\logs\Microsoft-Windows-TerminalServices-ServerUSBDevices%4Admin.evtx,C70BFFF0A559AF8CB76AD80A504DD55BD6CC484D,Deduped
C:\Windows\System32\winevt\logs\Microsoft-Windows-TerminalServices-ServerUSBDevices%4Operational.evtx,C70BFFF0A559AF8CB76AD80A504DD55BD6CC484D,Deduped
C:\Windows\System32\winevt\logs\Microsoft-Windows-TerminalServices-SessionBroker-Client%4Admin.evtx,C70BFFF0A559AF8CB76AD80A504DD55BD6CC484D,Deduped
C:\Windows\System32\winevt\logs\Microsoft-Windows-TerminalServices-SessionBroker-Client%4Operational.evtx,C70BFFF0A559AF8CB76AD80A504DD55BD6CC484D,Deduped
C:\Windows\System32\winevt\logs\Microsoft-Windows-Time-Service-PTP-Provider%4PTP-Operational.evtx,C70BFFF0A559AF8CB76AD80A504DD55BD6CC484D,Deduped
C:\Windows\System32\winevt\logs\Microsoft-Windows-TWinUI%4Operational.evtx,C70BFFF0A559AF8CB76AD80A504DD55BD6CC484D,Deduped
C:\Windows\System32\winevt\logs\Microsoft-Windows-TZSync%4Operational.evtx,C70BFFF0A559AF8CB76AD80A504DD55BD6CC484D,Deduped
C:\Windows\System32\winevt\logs\Microsoft-Windows-TZUtil%4Operational.evtx,C70BFFF0A559AF8CB76AD80A504DD55BD6CC484D,Deduped
C:\Windows\System32\winevt\logs\Microsoft-Windows-UAC%4Operational.evtx,C70BFFF0A559AF8CB76AD80A504DD55BD6CC484D,Deduped
C:\Windows\System32\winevt\logs\Microsoft-Windows-UAC-FileVirtualization%4Operational.evtx,C70BFFF0A559AF8CB76AD80A504DD55BD6CC484D,Deduped
C:\Windows\System32\winevt\logs\Microsoft-Windows-User Control Panel%4Operational.evtx,C70BFFF0A559AF8CB76AD80A504DD55BD6CC484D,Deduped
C:\Windows\System32\winevt\logs\Microsoft-Windows-User-Loader%4Operational.evtx,C70BFFF0A559AF8CB76AD80A504DD55BD6CC484D,Deduped
C:\Windows\System32\winevt\logs\Microsoft-Windows-VDRVROOT%4Operational.evtx,C70BFFF0A559AF8CB76AD80A504DD55BD6CC484D,Deduped
C:\Windows\System32\winevt\logs\Microsoft-Windows-VerifyHardwareSecurity%4Admin.evtx,C70BFFF0A559AF8CB76AD80A504DD55BD6CC484D,Deduped
C:\Windows\System32\winevt\logs\Microsoft-Windows-VHDMP-Operational.evtx,C70BFFF0A559AF8CB76AD80A504DD55BD6CC484D,Deduped
C:\Windows\System32\winevt\logs\Microsoft-Windows-VPN%4Operational.evtx,C70BFFF0A559AF8CB76AD80A504DD55BD6CC484D,Deduped
C:\Windows\System32\winevt\logs\Microsoft-Windows-VPN-Client%4Operational.evtx,C70BFFF0A559AF8CB76AD80A504DD55BD6CC484D,Deduped
C:\Windows\System32\winevt\logs\Microsoft-Windows-Win32k%4Operational.evtx,C70BFFF0A559AF8CB76AD80A504DD55BD6CC484D,Deduped
C:\Windows\System32\winevt\logs\Microsoft-Windows-WindowsSystemAssessmentTool%4Operational.evtx,C70BFFF0A559AF8CB76AD80A504DD55BD6CC484D,Deduped
C:\Windows\System32\winevt\logs\Microsoft-Windows-WinHttp%4Operational.evtx,C70BFFF0A559AF8CB76AD80A504DD55BD6CC484D,Deduped
C:\Windows\System32\winevt\logs\Microsoft-Windows-WinINet%4Operational.evtx,C70BFFF0A559AF8CB76AD80A504DD55BD6CC484D,Deduped
C:\Windows\System32\winevt\logs\Microsoft-Windows-Winsock-WS2HELP%4Operational.evtx,C70BFFF0A559AF8CB76AD80A504DD55BD6CC484D,Deduped
C:\Windows\System32\winevt\logs\Microsoft-Windows-Wired-AutoConfig%4Operational.evtx,C70BFFF0A559AF8CB76AD80A504DD55BD6CC484D,Deduped
C:\Windows\System32\winevt\logs\Microsoft-Windows-WMPNSS-Service%4Operational.evtx,C70BFFF0A559AF8CB76AD80A504DD55BD6CC484D,Deduped
C:\Windows\System32\winevt\logs\Microsoft-Windows-Workplace Join%4Admin.evtx,C70BFFF0A559AF8CB76AD80A504DD55BD6CC484D,Deduped
C:\Windows\System32\winevt\logs\Microsoft-Windows-WPD-ClassInstaller%4Operational.evtx,C70BFFF0A559AF8CB76AD80A504DD55BD6CC484D,Deduped
C:\Windows\System32\winevt\logs\Microsoft-Windows-WPD-CompositeClassDriver%4Operational.evtx,C70BFFF0A559AF8CB76AD80A504DD55BD6CC484D,Deduped
C:\Windows\System32\winevt\logs\Microsoft-Windows-WPD-MTPClassDriver%4Operational.evtx,C70BFFF0A559AF8CB76AD80A504DD55BD6CC484D,Deduped
C:\Windows\System32\winevt\logs\OpenSSH%4Admin.evtx,C70BFFF0A559AF8CB76AD80A504DD55BD6CC484D,Deduped
C:\Windows\System32\winevt\logs\OpenSSH%4Operational.evtx,C70BFFF0A559AF8CB76AD80A504DD55BD6CC484D,Deduped
C:\Windows\System32\winevt\logs\SMSApi.evtx,C70BFFF0A559AF8CB76AD80A504DD55BD6CC484D,Deduped
C:\Windows\System32\SRU\SRUres00002.jrs,1ADC95BEBE9EEA8C112D40CD04AB7A8D75C4F961,Deduped
C:\Users\Administrator\AppData\Local\Microsoft\Edge\User Data\Default\Favicons-journal,DA39A3EE5E6B4B0D3255BFEF95601890AFD80709,Deduped
C:\Users\Administrator\AppData\Local\Microsoft\Edge\User Data\Default\History-journal,DA39A3EE5E6B4B0D3255BFEF95601890AFD80709,Deduped
C:\Users\Administrator\AppData\Local\Microsoft\Edge\User Data\Default\Top Sites-journal,DA39A3EE5E6B4B0D3255BFEF95601890AFD80709,Deduped
C:\Users\Administrator\AppData\Local\Microsoft\Edge\User Data\Default\Web Data-journal,DA39A3EE5E6B4B0D3255BFEF95601890AFD80709,Deduped
C:\Users\Administrator\AppData\Local\Microsoft\Internet Explorer\CacheStorage\.inUse,DA39A3EE5E6B4B0D3255BFEF95601890AFD80709,Deduped
C:\Users\Administrator\AppData\Local\Microsoft\Internet Explorer\CacheStorage\edbres00002.jrs,6A521E1D2A632C26E53B83D2CC4B0EDECFC1E68C,Deduped
C:\Users\Default\AppData\Roaming\Microsoft\Internet Explorer\Quick Launch\desktop.ini,14FB718C690844203FB4114C84A195CCAE14E416,Deduped
C:\Users\Default\AppData\Roaming\Microsoft\Internet Explorer\Quick Launch\Shows Desktop.lnk,50B633A4CA28210CA882467CBC0D717D3283AC75,Deduped
C:\Users\Default\AppData\Roaming\Microsoft\Internet Explorer\Quick Launch\Window Switcher.lnk,B118670620D7214224C7ED2DC14EE67D7A49C044,Deduped
C:\Users\Administrator\AppData\Local\Microsoft\Windows\History\History.IE5\container.dat,DA39A3EE5E6B4B0D3255BFEF95601890AFD80709,Deduped
C:\Users\Administrator\AppData\Local\Microsoft\Windows\History\History.IE5\MSHist012023032420230325\container.dat,DA39A3EE5E6B4B0D3255BFEF95601890AFD80709,Deduped
C:\Users\Default\AppData\Local\Microsoft\Windows\History\desktop.ini,0B0BECF019CB15E75CDFA23BF0D4CB976F109BAA,Deduped
C:\Users\Administrator\AppData\Local\Microsoft\Windows\WebCache\V01res00001.jrs,6A521E1D2A632C26E53B83D2CC4B0EDECFC1E68C,Deduped
C:\Users\Administrator\AppData\Local\Microsoft\Windows\WebCache\V01res00002.jrs,6A521E1D2A632C26E53B83D2CC4B0EDECFC1E68C,Deduped
C:\Windows\System32\winevt\logs\Key Management Service.evtx,C70BFFF0A559AF8CB76AD80A504DD55BD6CC484D,Deduped
C:\Windows\System32\winevt\logs\Microsoft-Windows-Application-Experience%4Program-Compatibility-Assistant.evtx,C70BFFF0A559AF8CB76AD80A504DD55BD6CC484D,Deduped
C:\Windows\System32\winevt\logs\Microsoft-Windows-AppXDeploymentServer%4Restricted.evtx,C70BFFF0A559AF8CB76AD80A504DD55BD6CC484D,Deduped
C:\Windows\System32\winevt\logs\Microsoft-Windows-Crypto-DPAPI%4BackUpKeySvc.evtx,C70BFFF0A559AF8CB76AD80A504DD55BD6CC484D,Deduped
C:\Windows\System32\winevt\logs\Microsoft-Windows-Crypto-NCrypt%4CertInUse.evtx,C70BFFF0A559AF8CB76AD80A504DD55BD6CC484D,Deduped
C:\Windows\System32\winevt\logs\Microsoft-Windows-DataIntegrityScan%4CrashRecovery.evtx,C70BFFF0A559AF8CB76AD80A504DD55BD6CC484D,Deduped
C:\Windows\System32\winevt\logs\Microsoft-Windows-DeviceManagement-Enterprise-Diagnostics-Provider%4Autopilot.evtx,C70BFFF0A559AF8CB76AD80A504DD55BD6CC484D,Deduped
C:\Windows\System32\winevt\logs\Microsoft-Windows-DeviceManagement-Enterprise-Diagnostics-Provider%4Operational.evtx,C70BFFF0A559AF8CB76AD80A504DD55BD6CC484D,Deduped
C:\Windows\System32\winevt\logs\Microsoft-Windows-Dhcpv6-Client%4Admin.evtx,A92966E6ADCC47B5353DD43E7AC4694234AD4B35,Deduped
C:\Windows\System32\winevt\logs\Microsoft-Windows-Diagnosis-Scheduled%4Operational.evtx,C70BFFF0A559AF8CB76AD80A504DD55BD6CC484D,Deduped
C:\Windows\System32\winevt\logs\Microsoft-Windows-Kernel-Power%4Thermal-Operational.evtx,C70BFFF0A559AF8CB76AD80A504DD55BD6CC484D,Deduped
C:\Windows\System32\winevt\logs\Microsoft-Windows-Kernel-StoreMgr%4Operational.evtx,C70BFFF0A559AF8CB76AD80A504DD55BD6CC484D,Deduped
C:\Windows\System32\winevt\logs\Microsoft-Windows-Kernel-WHEA%4Errors.evtx,C70BFFF0A559AF8CB76AD80A504DD55BD6CC484D,Deduped
C:\Windows\System32\winevt\logs\Microsoft-Windows-PowerShell%4Admin.evtx,C70BFFF0A559AF8CB76AD80A504DD55BD6CC484D,Deduped
C:\Windows\System32\winevt\logs\Microsoft-Windows-Program-Compatibility-Assistant%4CompatAfterUpgrade.evtx,C70BFFF0A559AF8CB76AD80A504DD55BD6CC484D,Deduped
C:\Windows\System32\winevt\logs\Microsoft-Windows-PushNotification-Platform%4Admin.evtx,C70BFFF0A559AF8CB76AD80A504DD55BD6CC484D,Deduped
C:\Windows\System32\winevt\logs\Microsoft-Windows-RemoteDesktopServices-RdpCoreTS%4Admin.evtx,C70BFFF0A559AF8CB76AD80A504DD55BD6CC484D,Deduped
C:\Windows\System32\winevt\logs\Microsoft-Windows-Shell-ConnectedAccountState%4ActionCenter.evtx,C70BFFF0A559AF8CB76AD80A504DD55BD6CC484D,Deduped
C:\Windows\System32\winevt\logs\Microsoft-Windows-Shell-Core%4ActionCenter.evtx,C70BFFF0A559AF8CB76AD80A504DD55BD6CC484D,Deduped
C:\Windows\System32\winevt\logs\Microsoft-Windows-Shell-Core%4LogonTasksChannel.evtx,C70BFFF0A559AF8CB76AD80A504DD55BD6CC484D,Deduped
C:\Windows\System32\winevt\logs\Microsoft-Windows-SmbClient%4Audit.evtx,C70BFFF0A559AF8CB76AD80A504DD55BD6CC484D,Deduped
C:\Windows\System32\winevt\logs\Microsoft-Windows-SMBClient%4Operational.evtx,C70BFFF0A559AF8CB76AD80A504DD55BD6CC484D,Deduped
C:\Windows\System32\winevt\logs\Microsoft-Windows-SmbClient%4Security.evtx,C70BFFF0A559AF8CB76AD80A504DD55BD6CC484D,Deduped
C:\Windows\System32\winevt\logs\Microsoft-Windows-SMBServer%4Audit.evtx,C70BFFF0A559AF8CB76AD80A504DD55BD6CC484D,Deduped
C:\Windows\System32\winevt\logs\Microsoft-Windows-SMBServer%4Connectivity.evtx,C70BFFF0A559AF8CB76AD80A504DD55BD6CC484D,Deduped
C:\Windows\System32\winevt\logs\Microsoft-Windows-SMBServer%4Security.evtx,C70BFFF0A559AF8CB76AD80A504DD55BD6CC484D,Deduped
C:\Windows\System32\winevt\logs\Microsoft-Windows-StateRepository%4Restricted.evtx,C70BFFF0A559AF8CB76AD80A504DD55BD6CC484D,Deduped
C:\Windows\System32\winevt\logs\Microsoft-Windows-Storage-Storport%4Health.evtx,A92966E6ADCC47B5353DD43E7AC4694234AD4B35,Deduped
C:\Windows\System32\winevt\logs\Microsoft-Windows-StorageSpaces-Driver%4Diagnostic.evtx,C70BFFF0A559AF8CB76AD80A504DD55BD6CC484D,Deduped
C:\Windows\System32\winevt\logs\Microsoft-Windows-StorageSpaces-ManagementAgent%4WHC.evtx,C70BFFF0A559AF8CB76AD80A504DD55BD6CC484D,Deduped
C:\Windows\System32\winevt\logs\Microsoft-Windows-TerminalServices-LocalSessionManager%4Admin.evtx,C70BFFF0A559AF8CB76AD80A504DD55BD6CC484D,Deduped
C:\Windows\System32\winevt\logs\Microsoft-Windows-TerminalServices-Printers%4Operational.evtx,C70BFFF0A559AF8CB76AD80A504DD55BD6CC484D,Deduped
C:\Windows\System32\winevt\logs\Microsoft-Windows-UserPnp%4ActionCenter.evtx,C70BFFF0A559AF8CB76AD80A504DD55BD6CC484D,Deduped
C:\Windows\System32\winevt\logs\Microsoft-Windows-Windows Defender%4WHC.evtx,C70BFFF0A559AF8CB76AD80A504DD55BD6CC484D,Deduped
C:\Windows\System32\winevt\logs\Microsoft-Windows-Windows Firewall With Advanced Security%4ConnectionSecurity.evtx,C70BFFF0A559AF8CB76AD80A504DD55BD6CC484D,Deduped
C:\Windows\System32\winevt\logs\Microsoft-Windows-Windows Firewall With Advanced Security%4FirewallDiagnostics.evtx,C70BFFF0A559AF8CB76AD80A504DD55BD6CC484D,Deduped
C:\Windows\System32\config\SECURITY.LOG2,DA39A3EE5E6B4B0D3255BFEF95601890AFD80709,Deduped
C:\Windows\System32\config\RegBack\SAM,DA39A3EE5E6B4B0D3255BFEF95601890AFD80709,Deduped
C:\Windows\System32\config\RegBack\SECURITY,DA39A3EE5E6B4B0D3255BFEF95601890AFD80709,Deduped
C:\Windows\System32\config\RegBack\SOFTWARE,DA39A3EE5E6B4B0D3255BFEF95601890AFD80709,Deduped
C:\Windows\System32\config\RegBack\SYSTEM,DA39A3EE5E6B4B0D3255BFEF95601890AFD80709,Deduped
C:\Windows\System32\LogFiles\WMI\RtBackup\EtwRTUAL_Kernelmode_Provider.etl,DA39A3EE5E6B4B0D3255BFEF95601890AFD80709,Deduped
C:\Windows\System32\LogFiles\WMI\RtBackup\EtwRTUAL_Usermode_Provider.etl,DA39A3EE5E6B4B0D3255BFEF95601890AFD80709,Deduped
C:\Windows\System32\LogFiles\WMI\RtBackup\EtwRTUBPM.etl,0D0E47938F6E00166E7352732DDFB7C610F44DB2,Deduped
C:\Windows\System32\LogFiles\WMI\RtBackup\EtwRTWFP-IPsec Diagnostics.etl,DA39A3EE5E6B4B0D3255BFEF95601890AFD80709,Deduped
C:\Users\Administrator\AppData\Local\Microsoft\Internet Explorer\CacheStorage\edbtmp.log,6A521E1D2A632C26E53B83D2CC4B0EDECFC1E68C,Deduped
C:\Users\Administrator\AppData\Local\Microsoft\Windows\WebCache\V01tmp.log,6A521E1D2A632C26E53B83D2CC4B0EDECFC1E68C,Deduped
